GDP,Family,Life Expectancy,Freedom,Trust,Score,2015,2016,2017,2018,2019,Western Europe,North America,Australia and New Zealand,Middle East and Northern Africa,Latin America and Caribbean,Southeastern Asia,Central and Eastern Europe,Eastern Asia,Sub-Saharan Africa,Southern Asia
1.39651,1.34951,0.94143,0.66557,0.41978,7.587,1,0,0,0,0,1,0,0,0,0,0,0,0,0,0
1.30232,1.40223,0.94784,0.62877,0.14145,7.561,1,0,0,0,0,1,0,0,0,0,0,0,0,0,0
1.32548,1.36058,0.87464,0.64938,0.48357,7.527,1,0,0,0,0,1,0,0,0,0,0,0,0,0,0
1.459,1.33095,0.88521,0.66973,0.36503,7.522,1,0,0,0,0,1,0,0,0,0,0,0,0,0,0
1.32629,1.32261,0.90563,0.63297,0.32957,7.427,1,0,0,0,0,0,1,0,0,0,0,0,0,0,0
1.29025,1.31826,0.88911,0.64169,0.41372,7.406,1,0,0,0,0,1,0,0,0,0,0,0,0,0,0
1.32944,1.28017,0.89284,0.61576,0.31814,7.378,1,0,0,0,0,1,0,0,0,0,0,0,0,0,0
1.33171,1.28907,0.91087,0.6598,0.43844,7.364,1,0,0,0,0,1,0,0,0,0,0,0,0,0,0
1.25018,1.31967,0.90837,0.63938,0.42922,7.286,1,0,0,0,0,0,0,1,0,0,0,0,0,0,0
1.33358,1.30923,0.93156,0.65124,0.35637,7.284,1,0,0,0,0,0,0,1,0,0,0,0,0,0,0
1.22857,1.22393,0.91387,0.41319,0.07785,7.278,1,0,0,0,0,0,0,0,1,0,0,0,0,0,0
0.95578,1.23788,0.86027,0.63376,0.10583,7.226,1,0,0,0,0,0,0,0,0,1,0,0,0,0,0
1.33723,1.29704,0.89042,0.62433,0.18676,7.2,1,0,0,0,0,1,0,0,0,0,0,0,0,0,0
1.02054,0.91451,0.81444,0.48181,0.21312,7.187,1,0,0,0,0,0,0,0,0,1,0,0,0,0,0
1.39451,1.24711,0.86179,0.54604,0.1589,7.119,1,0,0,0,0,0,1,0,0,0,0,0,0,0,0
0.98124,1.23287,0.69702,0.49049,0.17521,6.983,1,0,0,0,0,0,0,0,0,1,0,0,0,0,0
1.56391,1.21963,0.91894,0.61583,0.37798,6.946,1,0,0,0,0,1,0,0,0,0,0,0,0,0,0
1.33596,1.36948,0.89533,0.61777,0.28703,6.94,1,0,0,0,0,1,0,0,0,0,0,0,0,0,0
1.30782,1.28566,0.89667,0.5845,0.2254,6.937,1,0,0,0,0,1,0,0,0,0,0,0,0,0,0
1.42727,1.12575,0.80925,0.64157,0.38583,6.901,1,0,0,0,0,0,0,0,1,0,0,0,0,0,0
1.26637,1.28548,0.90943,0.59625,0.32067,6.867,1,0,0,0,0,1,0,0,0,0,0,0,0,0,0
1.36011,1.08182,0.76276,0.63274,0.32524,6.853,1,0,0,0,0,0,0,0,1,0,0,0,0,0,0
1.04424,1.25596,0.72052,0.42908,0.11069,6.81,1,0,0,0,0,0,0,0,0,1,0,0,0,0,0
1.52186,1.02,1.02525,0.54252,0.4921,6.798,1,0,0,0,0,0,0,0,0,0,1,0,0,0,0
1.06353,1.1985,0.79661,0.5421,0.0927,6.786,1,0,0,0,0,0,0,0,0,1,0,0,0,0,0
1.32792,1.29937,0.89186,0.61477,0.21843,6.75,1,0,0,0,0,1,0,0,0,0,0,0,0,0,0
1.10715,1.12447,0.85857,0.44132,0.12869,6.67,1,0,0,0,0,0,0,0,0,1,0,0,0,0,0
1.69042,1.0786,0.79733,0.6404,0.52208,6.611,1,0,0,0,0,0,0,0,1,0,0,0,0,0,0
1.27778,1.26038,0.94579,0.55011,0.20646,6.575,1,0,0,0,0,1,0,0,0,0,0,0,0,0,0
1.05351,1.24823,0.78723,0.44974,0.08484,6.574,1,0,0,0,0,0,0,0,0,1,0,0,0,0,0
1.17898,1.20643,0.84483,0.46364,0.02652,6.505,1,0,0,0,0,0,0,0,0,0,0,1,0,0,0
1.06166,1.2089,0.8116,0.60362,0.24558,6.485,1,0,0,0,0,0,0,0,0,1,0,0,0,0,0
0.91861,1.24018,0.69077,0.53466,0.0512,6.477,1,0,0,0,0,0,0,0,0,1,0,0,0,0,0
0.9669,1.26504,0.7385,0.55664,0.03187,6.455,1,0,0,0,0,0,0,0,0,0,1,0,0,0,0
1.39541,1.08393,0.72025,0.31048,0.32524,6.411,1,0,0,0,0,0,0,0,1,0,0,0,0,0,0
1.23011,1.31379,0.95562,0.45951,0.06398,6.329,1,0,0,0,0,1,0,0,0,0,0,0,0,0,0
1.2074,1.30203,0.88721,0.60365,0.13586,6.302,1,0,0,0,0,1,0,0,0,0,0,0,0,0,0
1.29098,1.07617,0.8753,0.3974,0.08129,6.298,1,0,0,0,0,0,0,0,0,0,0,0,1,0,0
1.55422,1.16594,0.72492,0.55499,0.25609,6.295,1,0,0,0,0,0,0,0,1,0,0,0,0,0,0
0.99534,0.972,0.6082,0.59657,0.13633,6.269,1,0,0,0,0,0,0,0,0,1,0,0,0,0,0
1.21183,1.18354,0.61483,0.55884,0.0114,6.168,1,0,0,0,0,0,0,0,0,1,0,0,0,0,0
0.76454,1.02507,0.67737,0.4035,0.11776,6.13,1,0,0,0,0,0,0,0,0,1,0,0,0,0,0
0.74553,1.04356,0.64425,0.57733,0.09472,6.123,1,0,0,0,0,0,0,0,0,1,0,0,0,0,0
0.63244,1.34043,0.59772,0.65821,0.30826,6.003,1,0,0,0,0,0,0,0,0,0,0,1,0,0,0
1.16891,1.26999,0.78902,0.31751,0.03431,5.995,1,0,0,0,0,0,0,0,0,0,0,1,0,0,0
1.27074,1.25712,0.99111,0.49615,0.1806,5.987,1,0,0,0,0,0,0,0,0,0,0,0,1,0,0
1.24461,0.95774,0.96538,0.33208,0.07857,5.984,1,0,0,0,0,0,0,0,0,0,0,0,1,0,0
0.86402,0.99903,0.79075,0.48574,0.1809,5.975,1,0,0,0,0,0,0,0,0,1,0,0,0,0,0
1.32376,1.21624,0.74716,0.45492,0.306,5.96,1,0,0,0,0,0,0,0,1,0,0,0,0,0,0
1.25114,1.19777,0.95446,0.26236,0.02901,5.948,1,0,0,0,0,1,0,0,0,0,0,0,0,0,0
0.68133,0.97841,0.5392,0.57414,0.088,5.89,1,0,0,0,0,0,0,0,0,1,0,0,0,0,0
0.59448,1.01528,0.61826,0.32818,0.01615,5.889,1,0,0,0,0,0,0,0,0,0,0,1,0,0,0
0.75985,1.30477,0.66098,0.53899,0.08242,5.878,1,0,0,0,0,0,0,0,0,1,0,0,0,0,0
1.12254,1.12241,0.64368,0.51649,0.08454,5.855,1,0,0,0,0,0,0,0,0,0,0,1,0,0,0
1.18498,1.27385,0.87337,0.60855,0.03787,5.848,1,0,0,0,0,0,0,0,0,0,0,1,0,0,0
1.14723,1.25745,0.73128,0.21342,0.01031,5.833,1,0,0,0,0,0,0,0,0,0,0,1,0,0,0
0.59325,1.14184,0.74314,0.55475,0.19317,5.828,1,0,0,0,0,0,0,0,0,1,0,0,0,0,0
0.90019,0.97459,0.73017,0.41496,0.05989,5.824,1,0,0,0,0,0,0,0,0,1,0,0,0,0,0
1.03192,1.23289,0.73608,0.37938,0.1909,5.813,1,0,0,0,0,0,0,0,0,0,0,1,0,0,0
1.12555,1.27948,0.77903,0.53122,0.04212,5.791,1,0,0,0,0,0,0,0,0,0,0,1,0,0,0
1.12486,1.07023,0.72394,0.53024,0.10501,5.77,1,0,0,0,0,0,0,0,0,0,1,0,0,0,0
1.08254,0.79624,0.78805,0.25883,0.0243,5.759,1,0,0,0,0,0,0,0,0,0,0,1,0,0,0
1.13145,1.11862,0.7038,0.41668,0.11023,5.754,1,0,0,0,0,0,0,0,1,0,0,0,0,0,0
1.13764,1.23617,0.66926,0.36679,0.03005,5.716,1,0,0,0,0,0,0,0,0,0,0,1,0,0,0
0.81038,1.15102,0.68741,0.50442,0.02299,5.709,1,0,0,0,0,0,0,0,0,1,0,0,0,0,0
1.20806,1.07008,0.92356,0.49027,0.1428,5.695,1,0,0,0,0,1,0,0,0,0,0,0,0,0,0
1.20813,0.89318,0.92356,0.40672,0.06146,5.689,1,0,0,0,0,1,0,0,0,0,0,0,0,0,0
0.93929,1.07772,0.61766,0.28579,0.17383,5.605,1,0,0,0,0,0,0,0,1,0,0,0,0,0,0
0.80148,0.81198,0.63132,0.24749,0.04741,5.589,1,0,0,0,0,0,0,0,0,0,0,1,0,0,0
0.95847,1.22668,0.53886,0.4761,0.30844,5.548,1,0,0,0,0,0,0,0,0,0,0,1,0,0,0
1.00761,0.98521,0.7095,0.56066,0.07521,5.477,1,0,0,0,0,0,0,0,0,0,0,0,0,1,0
1.38604,1.05818,1.01328,0.59608,0.37124,5.474,1,0,0,0,0,0,0,0,0,0,0,0,1,0,0
1.15174,1.22791,0.77361,0.44888,0.15184,5.429,1,0,0,0,0,0,0,0,0,0,0,1,0,0,0
0.82827,1.08708,0.63793,0.46611,0.0,5.399,1,0,0,0,0,0,0,0,0,0,1,0,0,0,0
0.63216,0.91226,0.74676,0.59444,0.10441,5.36,1,0,0,0,0,0,0,0,0,0,1,0,0,0,0
1.06098,0.94632,0.73172,0.22815,0.15746,5.332,1,0,0,0,0,0,0,0,1,0,0,0,0,0,0
0.47428,1.15115,0.65088,0.43477,0.04232,5.286,1,0,0,0,0,0,0,0,0,0,0,1,0,0,0
0.65435,0.90432,0.16007,0.34334,0.0403,5.268,1,0,0,0,0,0,0,0,0,0,0,0,0,1,0
0.77042,1.10395,0.57407,0.53206,0.15445,5.253,1,0,0,0,0,0,0,0,0,0,0,0,0,0,1
1.02389,0.93793,0.64045,0.3703,0.16065,5.212,1,0,0,0,0,0,0,0,0,0,0,1,0,0,0
0.59543,0.41411,0.51466,0.12102,0.10464,5.194,1,0,0,0,0,0,0,0,0,0,0,0,0,0,1
0.90198,1.05392,0.69639,0.40661,0.14293,5.192,1,0,0,0,0,0,0,0,1,0,0,0,0,0,0
0.97438,0.90557,0.72521,0.1826,0.14296,5.192,1,0,0,0,0,0,0,0,0,0,0,1,0,0,0
0.89012,0.94675,0.81658,0.51697,0.02781,5.14,1,0,0,0,0,0,0,0,0,0,0,0,1,0,0
0.47038,0.91612,0.29924,0.48827,0.12468,5.129,1,0,0,0,0,0,0,0,0,0,0,0,0,1,0
1.04345,0.88588,0.7689,0.35068,0.00649,5.124,1,0,0,0,0,0,0,0,0,0,0,1,0,0,0
0.92053,1.00964,0.74836,0.20107,0.02617,5.123,1,0,0,0,0,0,0,0,0,0,0,1,0,0,0
1.15991,1.13935,0.87519,0.51469,0.01078,5.102,1,0,0,0,0,1,0,0,0,0,0,0,0,0,0
1.11312,1.09562,0.72437,0.29671,0.06332,5.098,1,0,0,0,0,0,0,0,0,0,0,1,0,0,0
0.70532,1.03516,0.58114,0.62545,0.12279,5.073,1,0,0,0,0,0,0,0,0,0,1,0,0,0,0
0.18847,0.95152,0.43873,0.46582,0.39928,5.057,1,0,0,0,0,0,0,0,0,0,0,0,0,1,0
0.73479,0.64095,0.60954,0.41691,0.08546,5.013,1,0,0,0,0,0,0,0,1,0,0,0,0,0,0
0.91851,1.00232,0.73545,0.33457,0.05327,5.007,1,0,0,0,0,0,0,0,0,0,0,1,0,0,0
0.08308,1.02626,0.09131,0.34037,0.15603,4.971,1,0,0,0,0,0,0,0,0,0,0,0,0,1,0
0.87867,0.80434,0.81325,0.35733,0.06413,4.959,1,0,0,0,0,0,0,0,0,0,0,1,0,0,0
0.83223,0.91916,0.79081,0.09245,0.00227,4.949,1,0,0,0,0,0,0,0,0,0,0,1,0,0,0
0.37545,1.04103,0.07612,0.31767,0.12504,4.898,1,0,0,0,0,0,0,0,0,0,0,0,0,1,0
0.89537,1.17202,0.66825,0.57672,0.14234,4.885,1,0,0,0,0,0,0,0,0,1,0,0,0,0,0
0.59066,0.73803,0.54909,0.59591,0.24249,4.876,1,0,0,0,0,0,0,0,0,0,1,0,0,0,0
0.82819,1.3006,0.60268,0.43626,0.02666,4.874,1,0,0,0,0,0,0,0,0,0,0,0,1,0,0
0.71206,1.07284,0.07566,0.30658,0.0306,4.867,1,0,0,0,0,0,0,0,0,0,0,0,0,1,0
1.15406,0.92933,0.88213,0.07699,0.01397,4.857,1,0,0,0,0,1,0,0,0,0,0,0,0,0,0
1.02564,0.80001,0.83947,0.33916,0.04582,4.839,1,0,0,0,0,0,0,0,1,0,0,0,0,0,0
1.12094,1.20215,0.75905,0.32112,0.02758,4.8,1,0,0,0,0,0,0,0,0,0,0,1,0,0,0
0.59532,0.95348,0.6951,0.40148,0.06825,4.788,1,0,0,0,0,0,0,0,0,1,0,0,0,0,0
0.39047,0.85563,0.57379,0.47216,0.15072,4.786,1,0,0,0,0,0,0,0,0,0,0,1,0,0,0
0.88113,0.60429,0.73793,0.26268,0.06358,4.739,1,0,0,0,0,0,0,0,1,0,0,0,0,0,0
0.59867,0.92558,0.66015,0.24499,0.12905,4.715,1,0,0,0,0,0,0,0,1,0,0,0,0,0,0
0.39753,0.43106,0.60164,0.4082,0.12569,4.694,1,0,0,0,0,0,0,0,0,0,0,0,0,0,1
1.0088,0.54447,0.69805,0.30033,0.05863,4.686,1,0,0,0,0,0,0,0,1,0,0,0,0,0,0
0.79907,1.20278,0.6739,0.25123,0.02961,4.681,1,0,0,0,0,0,0,0,0,0,0,1,0,0,0
0.98549,0.81889,0.60237,0.0,0.13788,4.677,1,0,0,0,0,0,0,0,1,0,0,0,0,0,0
0.92049,1.18468,0.27688,0.33207,0.08884,4.642,1,0,0,0,0,0,0,0,0,0,0,0,0,1,0
0.54558,0.67954,0.40132,0.42342,0.04355,4.633,1,0,0,0,0,0,0,0,0,0,0,0,0,1,0
0.271,1.03276,0.33475,0.25861,0.08079,4.61,1,0,0,0,0,0,0,0,0,0,0,0,0,1,0
0.0712,0.78968,0.34201,0.28531,0.06232,4.571,1,0,0,0,0,0,0,0,0,0,0,0,0,1,0
0.64499,0.38174,0.51529,0.39786,0.08492,4.565,1,0,0,0,0,0,0,0,0,0,0,0,0,0,1
0.52107,1.01404,0.36878,0.10081,0.1466,4.55,1,0,0,0,0,0,0,0,0,0,0,0,0,1,0
0.26673,0.74302,0.38847,0.24425,0.17175,4.518,1,0,0,0,0,0,0,0,0,1,0,0,0,0,0
0.0,1.0012,0.09806,0.22605,0.07625,4.517,1,0,0,0,0,0,0,0,0,0,0,0,0,1,0
0.35997,0.86449,0.56874,0.38282,0.05907,4.514,1,0,0,0,0,0,0,0,0,0,0,0,0,0,1
0.19073,0.60406,0.44055,0.4345,0.15048,4.512,1,0,0,0,0,0,0,0,0,0,0,0,0,1,0
0.33024,0.95571,0.0,0.4084,0.08786,4.507,1,0,0,0,0,0,0,0,0,0,0,0,0,1,0
0.45407,0.86908,0.35874,0.24232,0.17461,4.436,1,0,0,0,0,0,0,0,0,0,0,0,0,1,0
0.36471,0.99876,0.41435,0.42215,0.05839,4.419,1,0,0,0,0,0,0,0,0,0,0,0,0,1,0
0.44025,0.59207,0.36291,0.46074,0.28105,4.369,1,0,0,0,0,0,0,0,0,0,0,0,0,1,0
0.76821,0.77711,0.7299,0.19847,0.039,4.35,1,0,0,0,0,0,0,0,0,0,0,1,0,0,0
0.99355,1.10464,0.04776,0.49495,0.12474,4.332,1,0,0,0,0,0,0,0,0,0,0,0,0,1,0
0.27108,0.70905,0.48246,0.44017,0.19034,4.307,1,0,0,0,0,0,0,0,0,0,1,0,0,0,0
0.7419,0.38562,0.72926,0.40577,0.38331,4.297,1,0,0,0,0,0,0,0,0,0,0,1,0,0,0
0.01604,0.41134,0.22562,0.43054,0.06977,4.292,1,0,0,0,0,0,0,0,0,0,0,0,0,1,0
0.83524,1.01905,0.70806,0.53726,0.09179,4.271,1,0,0,0,0,0,0,0,0,0,0,0,0,0,1
0.4225,0.88767,0.23402,0.49309,0.05786,4.252,1,0,0,0,0,0,0,0,0,0,0,0,0,1,0
1.01216,1.10614,0.76649,0.30587,0.00872,4.218,1,0,0,0,0,0,0,0,0,0,0,1,0,0,0
0.8818,0.747,0.61712,0.17288,0.06324,4.194,1,0,0,0,0,0,0,0,1,0,0,0,0,0,0
0.54649,0.68093,0.40064,0.35571,0.07854,4.077,1,0,0,0,0,0,0,0,1,0,0,0,0,0,0
0.75778,0.8604,0.16683,0.10384,0.07122,4.033,1,0,0,0,0,0,0,0,0,0,0,0,0,1,0
0.26074,1.03526,0.20583,0.38857,0.12352,3.995,1,0,0,0,0,0,0,0,0,0,0,0,0,1,0
0.67866,0.6629,0.31051,0.41466,0.11686,3.989,1,0,0,0,0,0,0,0,0,0,0,0,0,1,0
0.23906,0.79273,0.36315,0.22917,0.199,3.956,1,0,0,0,0,0,0,0,0,0,0,0,0,1,0
0.21102,1.13299,0.33861,0.45727,0.07267,3.931,1,0,0,0,0,0,0,0,0,0,0,0,0,1,0
0.36498,0.97619,0.4354,0.36772,0.10713,3.904,1,0,0,0,0,0,0,0,0,0,0,0,0,1,0
1.06024,0.90528,0.43372,0.31914,0.11091,3.896,1,0,0,0,0,0,0,0,0,0,0,0,0,1,0
0.0694,0.77265,0.29707,0.47692,0.15639,3.845,1,0,0,0,0,0,0,0,0,0,0,0,0,1,0
0.46038,0.62736,0.61114,0.66246,0.07247,3.819,1,0,0,0,0,0,0,0,0,0,1,0,0,0,0
0.2852,1.00268,0.38215,0.32878,0.05747,3.781,1,0,0,0,0,0,0,0,0,0,0,0,0,1,0
0.20824,0.66801,0.46721,0.19184,0.08124,3.681,1,0,0,0,0,0,0,0,0,0,0,0,0,1,0
0.0785,0.0,0.06699,0.48879,0.08289,3.678,1,0,0,0,0,0,0,0,0,0,0,0,0,1,0
0.34193,0.76062,0.1501,0.23501,0.05269,3.667,1,0,0,0,0,0,0,0,0,0,0,0,0,1,0
0.17417,0.46475,0.24009,0.37725,0.12139,3.656,1,0,0,0,0,0,0,0,0,0,0,0,0,1,0
0.46534,0.77115,0.15185,0.46866,0.17922,3.655,1,0,0,0,0,0,0,0,0,0,0,0,0,1,0
0.25812,0.85188,0.27125,0.39493,0.12832,3.587,1,0,0,0,0,0,0,0,0,0,0,0,0,1,0
0.31982,0.30285,0.30335,0.23414,0.09719,3.575,1,0,0,0,0,0,0,0,0,0,0,0,0,0,1
0.22208,0.7737,0.42864,0.59201,0.55191,3.465,1,0,0,0,0,0,0,0,0,0,0,0,0,1,0
0.28665,0.35386,0.3191,0.4845,0.0801,3.34,1,0,0,0,0,0,0,0,0,0,0,0,0,1,0
0.6632,0.47489,0.72193,0.15684,0.18906,3.006,1,0,0,0,0,0,0,0,1,0,0,0,0,0,0
0.0153,0.41587,0.22396,0.1185,0.10062,2.905,1,0,0,0,0,0,0,0,0,0,0,0,0,1,0
0.20868,0.13995,0.28443,0.36453,0.10731,2.839,1,0,0,0,0,0,0,0,0,0,0,0,0,1,0
1.44178,1.16374,0.79504,0.57941,0.44453,7.526,0,1,0,0,0,1,0,0,0,0,0,0,0,0,0
1.52733,1.14524,0.86303,0.58557,0.41203,7.509,0,1,0,0,0,1,0,0,0,0,0,0,0,0,0
1.42666,1.18326,0.86733,0.56624,0.14975,7.501,0,1,0,0,0,1,0,0,0,0,0,0,0,0,0
1.57744,1.1269,0.79579,0.59609,0.35776,7.498,0,1,0,0,0,1,0,0,0,0,0,0,0,0,0
1.40598,1.13464,0.81091,0.57104,0.41004,7.413,0,1,0,0,0,1,0,0,0,0,0,0,0,0,0
1.44015,1.0961,0.8276,0.5737,0.31329,7.404,0,1,0,0,0,0,1,0,0,0,0,0,0,0,0
1.46468,1.02912,0.81231,0.55211,0.29927,7.339,0,1,0,0,0,1,0,0,0,0,0,0,0,0,0
1.36066,1.17278,0.83096,0.58147,0.41904,7.334,0,1,0,0,0,0,0,1,0,0,0,0,0,0,0
1.44443,1.10476,0.8512,0.56837,0.32331,7.313,0,1,0,0,0,0,0,1,0,0,0,0,0,0,0
1.45181,1.08764,0.83121,0.58218,0.40867,7.291,0,1,0,0,0,1,0,0,0,0,0,0,0,0,0
1.33766,0.99537,0.84917,0.36432,0.08728,7.267,0,1,0,0,0,0,0,0,1,0,0,0,0,0,0
1.45038,1.08383,0.80565,0.54355,0.21348,7.119,0,1,0,0,0,1,0,0,0,0,0,0,0,0,0
1.50796,1.04782,0.779,0.48163,0.14868,7.104,0,1,0,0,0,0,1,0,0,0,0,0,0,0,0
1.06879,1.02152,0.76146,0.55225,0.10547,7.087,0,1,0,0,0,0,0,0,0,1,0,0,0,0,0
1.35943,1.08113,0.77758,0.46823,0.12275,7.039,0,1,0,0,0,0,0,0,0,1,0,0,0,0,0
1.44787,1.09774,0.81487,0.53466,0.28551,6.994,0,1,0,0,0,1,0,0,0,0,0,0,0,0,0
1.08754,1.03938,0.61415,0.40425,0.14166,6.952,0,1,0,0,0,0,0,0,0,1,0,0,0,0,0
1.42539,1.05249,0.81959,0.51354,0.26248,6.929,0,1,0,0,0,1,0,0,0,0,0,0,0,0,0
1.48341,1.16157,0.81455,0.54008,0.29754,6.907,0,1,0,0,0,1,0,0,0,0,0,0,0,0,0
1.69752,1.03999,0.84542,0.5487,0.35329,6.871,0,1,0,0,0,1,0,0,0,0,0,0,0,0,0
1.11508,0.7146,0.71143,0.37709,0.18355,6.778,0,1,0,0,0,0,0,0,0,1,0,0,0,0,0
1.64555,0.86758,0.94719,0.4877,0.46987,6.739,0,1,0,0,0,0,0,0,0,0,1,0,0,0,0
1.40283,1.08672,0.80991,0.50036,0.27399,6.725,0,1,0,0,0,1,0,0,0,0,0,0,0,0,0
1.2167,0.90587,0.81883,0.37789,0.11451,6.705,0,1,0,0,0,0,0,0,0,1,0,0,0,0,0
1.18306,0.98912,0.70835,0.48927,0.08423,6.701,0,1,0,0,0,0,0,0,0,1,0,0,0,0,0
1.15137,1.06612,0.69711,0.42284,0.07296,6.65,0,1,0,0,0,0,0,0,0,1,0,0,0,0,0
1.30915,1.00793,0.76376,0.41418,0.03986,6.596,0,1,0,0,0,0,0,0,0,0,0,1,0,0,0
1.57352,0.87114,0.72993,0.56215,0.35561,6.573,0,1,0,0,0,0,0,0,1,0,0,0,0,0,0
1.18157,1.03143,0.72183,0.54388,0.21394,6.545,0,1,0,0,0,0,0,0,0,1,0,0,0,0,0
1.30782,1.09879,0.80315,0.54994,0.17554,6.488,0,1,0,0,0,1,0,0,0,0,0,0,0,0,0
1.03032,1.02169,0.59659,0.44735,0.05399,6.481,0,1,0,0,0,0,0,0,0,1,0,0,0,0,0
1.39488,1.00508,0.83795,0.46562,0.17808,6.478,0,1,0,0,0,1,0,0,0,0,0,0,0,0,0
1.0893,1.04477,0.64915,0.49553,0.02833,6.474,0,1,0,0,0,0,0,0,0,0,1,0,0,0,0
1.48953,0.84829,0.59267,0.37904,0.30008,6.379,0,1,0,0,0,0,0,0,1,0,0,0,0,0,0
1.39729,0.92624,0.79565,0.32377,0.0663,6.379,0,1,0,0,0,0,0,0,0,0,0,0,1,0,0
1.82427,0.87964,0.71723,0.56679,0.48049,6.375,0,1,0,0,0,0,0,0,1,0,0,0,0,0,0
1.34253,1.12945,0.87896,0.37545,0.06137,6.361,0,1,0,0,0,1,0,0,0,0,0,0,0,0,0
1.05266,0.83309,0.61804,0.21006,0.16157,6.355,0,1,0,0,0,0,0,0,1,0,0,0,0,0,0
0.83454,0.87119,0.54039,0.50379,0.08701,6.324,0,1,0,0,0,0,0,0,0,1,0,0,0,0,0
1.09686,0.77866,0.50933,0.52234,0.12692,6.269,0,1,0,0,0,0,0,0,0,1,0,0,0,0,0
1.61714,0.87758,0.63569,0.43166,0.23669,6.239,0,1,0,0,0,0,0,0,1,0,0,0,0,0,0
1.44024,0.94397,0.65696,0.47375,0.25772,6.218,0,1,0,0,0,0,0,0,1,0,0,0,0,0,0
1.32572,0.98569,0.52608,0.48453,0.01241,6.168,0,1,0,0,0,0,0,0,0,1,0,0,0,0,0
1.13367,1.03302,0.61904,0.19847,0.08304,6.084,0,1,0,0,0,0,0,0,0,1,0,0,0,0,0
1.27973,1.08268,0.70367,0.23391,0.02947,6.078,0,1,0,0,0,0,0,0,0,0,0,1,0,0,0
0.8737,0.80975,0.596,0.37269,0.10613,6.068,0,1,0,0,0,0,0,0,0,1,0,0,0,0,0
1.25142,0.88025,0.62366,0.39031,0.09081,6.005,0,1,0,0,0,0,0,0,0,0,1,0,0,0,0
0.69384,0.89521,0.65213,0.46582,0.16292,5.992,0,1,0,0,0,0,0,0,0,1,0,0,0,0,0
0.73591,1.1681,0.50163,0.60848,0.28333,5.987,0,1,0,0,0,0,0,0,0,0,0,1,0,0,0
1.35495,1.04167,0.85102,0.18827,0.02556,5.977,0,1,0,0,0,1,0,0,0,0,0,0,0,0,0
0.97306,0.85974,0.68613,0.4027,0.18037,5.976,0,1,0,0,0,0,0,0,0,1,0,0,0,0,0
0.87616,0.68655,0.45569,0.51231,0.10771,5.956,0,1,0,0,0,0,0,0,0,1,0,0,0,0,0
1.38007,1.06054,0.91491,0.46761,0.18985,5.921,0,1,0,0,0,0,0,0,0,0,0,0,1,0,0
1.22943,0.95544,0.57386,0.4052,0.11132,5.919,0,1,0,0,0,0,0,0,0,0,0,1,0,0,0
0.69177,0.83132,0.52309,0.25202,0.01903,5.897,0,1,0,0,0,0,0,0,0,0,0,1,0,0,0
1.23228,1.05261,0.58991,0.32682,0.03586,5.856,0,1,0,0,0,0,0,0,0,0,0,1,0,0,0
1.24585,1.04685,0.69058,0.4519,0.055,5.835,0,1,0,0,0,0,0,0,0,0,0,1,0,0,0
1.35948,0.72194,0.88645,0.25168,0.07716,5.835,0,1,0,0,0,0,0,0,0,0,0,0,1,0,0
0.79422,0.83779,0.4697,0.50961,0.07746,5.822,0,1,0,0,0,0,0,0,0,1,0,0,0,0,0
1.2692,1.06411,0.64674,0.18929,0.0182,5.813,0,1,0,0,0,0,0,0,0,0,0,1,0,0,0
1.13062,1.04993,0.63104,0.29091,0.17457,5.802,0,1,0,0,0,0,0,0,0,0,0,1,0,0,0
1.31141,0.81826,0.84142,0.43596,0.16578,5.771,0,1,0,0,0,1,0,0,0,0,0,0,0,0,0
1.29947,1.05613,0.79151,0.53164,0.03635,5.768,0,1,0,0,0,0,0,0,0,0,0,1,0,0,0
0.99602,0.81255,0.62994,0.37502,0.05292,5.743,0,1,0,0,0,0,0,0,0,1,0,0,0,0,0
1.08017,1.03817,0.44006,0.37408,0.28467,5.658,0,1,0,0,0,0,0,0,0,0,0,1,0,0,0
1.14372,0.75695,0.66189,0.46145,0.05203,5.648,0,1,0,0,0,0,0,0,0,0,0,0,0,1,0
1.06688,0.95076,0.52304,0.40672,0.10339,5.615,0,1,0,0,0,0,0,0,1,0,0,0,0,0,0
1.21788,0.95025,0.63952,0.27996,0.0889,5.56,0,1,0,0,0,0,0,0,0,0,0,1,0,0,0
1.31857,0.70697,0.8488,0.29507,0.05228,5.546,0,1,0,0,0,1,0,0,0,0,0,0,0,0,0
0.89373,1.11111,0.58295,0.46235,0.07396,5.538,0,1,0,0,0,0,0,0,0,1,0,0,0,0,0
1.1697,0.72803,0.67602,0.36712,0.00679,5.528,0,1,0,0,0,0,0,0,0,0,0,1,0,0,0
1.27964,1.05163,0.68098,0.41511,0.18519,5.517,0,1,0,0,0,0,0,0,0,0,0,1,0,0,0
0.89333,0.96372,0.59469,0.43597,0.04294,5.51,0,1,0,0,0,0,0,0,0,1,0,0,0,0,0
1.18649,0.60809,0.70524,0.23907,0.04002,5.488,0,1,0,0,0,0,0,0,0,0,0,1,0,0,0
1.5107,0.87021,0.95277,0.48079,0.31647,5.458,0,1,0,0,0,0,0,0,0,0,0,0,1,0,0
0.0,0.33613,0.11466,0.56778,0.3118,5.44,0,1,0,0,0,0,0,0,0,0,0,0,0,1,0
0.90145,0.66062,0.54,0.14396,0.06547,5.401,0,1,0,0,0,0,0,0,0,0,0,1,0,0,0
1.16492,0.87717,0.64718,0.23889,0.12348,5.389,0,1,0,0,0,0,0,0,1,0,0,0,0,0,0
0.95104,0.87625,0.49374,0.39237,0.00322,5.314,0,1,0,0,0,0,0,0,0,0,1,0,0,0,0
0.99673,0.86216,0.60712,0.36023,0.13297,5.303,0,1,0,0,0,0,0,0,1,0,0,0,0,0,0
1.12373,0.76042,0.54504,0.35327,0.17914,5.291,0,1,0,0,0,0,0,0,0,0,0,1,0,0,0
0.81217,0.87877,0.47036,0.54854,0.11757,5.279,0,1,0,0,0,0,0,0,0,0,1,0,0,0,0
1.0278,0.79381,0.73561,0.44012,0.02745,5.245,0,1,0,0,0,0,0,0,0,0,0,0,1,0,0
0.8527,0.90836,0.49759,0.46074,0.1616,5.196,0,1,0,0,0,0,0,0,0,0,0,0,0,0,1
0.56044,0.95434,0.55449,0.40212,0.04762,5.185,0,1,0,0,0,0,0,0,0,0,0,1,0,0,0
1.03437,0.81329,0.6458,0.15718,0.04339,5.177,0,1,0,0,0,0,0,0,0,0,0,1,0,0,0
0.93383,0.64367,0.70766,0.09511,0.0,5.163,0,1,0,0,0,0,0,0,0,0,0,1,0,0,0
1.07838,0.74173,0.63533,0.15111,0.12721,5.161,0,1,0,0,0,0,0,0,0,0,0,1,0,0,0
1.02787,0.99496,0.57669,0.52259,0.12372,5.155,0,1,0,0,0,0,0,0,0,1,0,0,0,0,0
0.84058,0.38595,0.59471,0.25646,0.08404,5.151,0,1,0,0,0,0,0,0,1,0,0,0,0,0,0
1.24142,0.93164,0.67608,0.1977,0.04472,5.145,0,1,0,0,0,0,0,0,0,0,0,1,0,0,0
0.68816,0.26135,0.40306,0.14622,0.1388,5.132,0,1,0,0,0,0,0,0,0,0,0,0,0,0,1
1.12268,0.64184,0.76171,0.26228,0.03061,5.129,0,1,0,0,0,0,0,0,1,0,0,0,0,0,0
1.27607,0.94367,0.79363,0.44727,0.01521,5.123,0,1,0,0,0,1,0,0,0,0,0,0,0,0,0
1.0193,0.78236,0.64738,0.27668,0.07047,5.121,0,1,0,0,0,0,0,0,0,0,0,1,0,0,0
0.74037,0.79117,0.66157,0.55954,0.11556,5.061,0,1,0,0,0,0,0,0,0,0,1,0,0,0,0
0.25558,0.75862,0.33108,0.3913,0.36794,5.057,0,1,0,0,0,0,0,0,0,0,0,0,0,1,0
0.97724,0.43165,0.59577,0.23553,0.0817,5.045,0,1,0,0,0,0,0,0,1,0,0,0,0,0,0
1.24886,0.75473,0.80029,0.05822,0.04127,5.033,0,1,0,0,0,1,0,0,0,0,0,0,0,0,0
0.48835,0.75602,0.53119,0.43408,0.13509,4.996,0,1,0,0,0,0,0,0,0,0,0,1,0,0,0
0.98853,1.08983,0.55469,0.35972,0.03285,4.907,0,1,0,0,0,0,0,0,0,0,0,0,1,0,0
0.68042,0.5497,0.38291,0.52168,0.22423,4.876,0,1,0,0,0,0,0,0,0,0,1,0,0,0,0
0.75216,0.64498,0.05108,0.27854,0.0305,4.875,0,1,0,0,0,0,0,0,0,0,0,0,0,1,0
0.69429,0.75596,0.58383,0.26755,0.06906,4.871,0,1,0,0,0,0,0,0,0,1,0,0,0,0,0
1.11758,0.38857,0.64232,0.22544,0.0557,4.813,0,1,0,0,0,0,0,0,1,0,0,0,0,0,0
0.61202,0.6376,0.23573,0.42662,0.11479,4.795,0,1,0,0,0,0,0,0,0,0,0,0,0,1,0
0.44626,0.69699,0.50073,0.37012,0.07008,4.793,0,1,0,0,0,0,0,0,0,0,0,0,0,0,1
0.67024,0.71629,0.56844,0.17744,0.10613,4.754,0,1,0,0,0,0,0,0,1,0,0,0,0,0,0
0.9553,0.50163,0.73007,0.31866,0.05301,4.655,0,1,0,0,0,0,0,0,0,0,0,1,0,0,0
0.54177,0.24749,0.52989,0.39778,0.12583,4.643,0,1,0,0,0,0,0,0,0,0,0,0,0,0,1
0.36485,0.628,0.0,0.30685,0.08196,4.635,0,1,0,0,0,0,0,0,0,0,0,0,0,1,0
1.07474,0.59205,0.51076,0.24856,0.13636,4.575,0,1,0,0,0,0,0,0,1,0,0,0,0,0,0
0.93287,0.70362,0.34745,0.48614,0.10398,4.574,0,1,0,0,0,0,0,0,0,0,0,0,0,1,0
0.52497,0.62542,0.12698,0.42736,0.06126,4.513,0,1,0,0,0,0,0,0,0,0,0,0,0,1,0
0.29283,0.37932,0.34578,0.36703,0.1717,4.508,0,1,0,0,0,0,0,0,0,0,0,0,0,1,0
1.02416,0.96053,0.18611,0.42483,0.08415,4.459,0,1,0,0,0,0,0,0,0,0,0,0,0,1,0
0.97318,0.84783,0.62007,0.50817,0.07964,4.415,0,1,0,0,0,0,0,0,0,0,0,0,0,0,1
0.74036,0.29247,0.45091,0.40285,0.08722,4.404,0,1,0,0,0,0,0,0,0,0,0,0,0,0,1
0.34112,0.69981,0.3988,0.42692,0.20243,4.395,0,1,0,0,0,0,0,0,0,0,1,0,0,0,0
0.95395,0.49813,0.52116,0.18847,0.10393,4.362,0,1,0,0,0,0,0,0,1,0,0,0,0,0,0
0.86086,0.62477,0.64083,0.14037,0.03616,4.36,0,1,0,0,0,0,0,0,0,0,0,1,0,0,0
0.52267,0.7624,0.30147,0.40576,0.06686,4.356,0,1,0,0,0,0,0,0,0,0,0,0,0,1,0
0.87287,1.01413,0.58628,0.12859,0.01829,4.324,0,1,0,0,0,0,0,0,0,0,0,1,0,0,0
0.63107,0.49353,0.29681,0.40973,0.0326,4.276,0,1,0,0,0,0,0,0,0,0,0,0,0,1,0
0.05661,0.80676,0.188,0.15602,0.06075,4.272,0,1,0,0,0,0,0,0,0,0,0,0,0,1,0
0.83792,0.19249,0.64035,0.32461,0.3188,4.252,0,1,0,0,0,0,0,0,0,0,0,1,0,0,0
0.77109,0.47799,0.28212,0.37938,0.09753,4.236,0,1,0,0,0,0,0,0,0,0,0,0,0,1,0
0.44314,0.77416,0.40457,0.31056,0.11681,4.219,0,1,0,0,0,0,0,0,0,0,0,0,0,1,0
1.11306,0.92542,0.67806,0.21219,0.00615,4.217,0,1,0,0,0,0,0,0,0,0,0,1,0,0,0
0.61391,0.84142,0.28639,0.1268,0.17955,4.201,0,1,0,0,0,0,0,0,0,0,0,0,0,1,0
0.35041,0.71478,0.1595,0.25429,0.08582,4.193,0,1,0,0,0,0,0,0,0,0,0,0,0,1,0
0.08709,0.147,0.29364,0.4143,0.07564,4.156,0,1,0,0,0,0,0,0,0,0,0,0,0,1,0
0.63069,0.81928,0.29759,0.0,0.10039,4.139,0,1,0,0,0,0,0,0,0,0,0,0,0,1,0
1.15851,0.72368,0.3494,0.28098,0.09314,4.121,0,1,0,0,0,0,0,0,0,0,0,0,0,1,0
0.31292,0.86333,0.16347,0.27544,0.13647,4.073,0,1,0,0,0,0,0,0,0,0,0,0,0,1,0
0.34097,0.29561,0.27494,0.12072,0.14476,4.028,0,1,0,0,0,0,0,0,0,1,0,0,0,0,0
1.09426,0.89186,0.34752,0.44089,0.10769,3.974,0,1,0,0,0,0,0,0,0,0,0,0,0,1,0
0.27509,0.60323,0.29981,0.15412,0.18437,3.956,0,1,0,0,0,0,0,0,0,0,0,0,0,1,0
0.55507,0.57576,0.04476,0.40663,0.1553,3.916,0,1,0,0,0,0,0,0,0,0,0,0,0,1,0
0.55604,0.5375,0.42494,0.58852,0.08092,3.907,0,1,0,0,0,0,0,0,0,0,1,0,0,0,0
0.84731,0.66366,0.04991,0.00589,0.08434,3.866,0,1,0,0,0,0,0,0,0,0,0,0,0,1,0
0.1327,0.6053,0.26162,0.38041,0.17176,3.856,0,1,0,0,0,0,0,0,0,0,0,0,0,1,0
0.39394,0.18519,0.15781,0.19662,0.13015,3.832,0,1,0,0,0,0,0,0,0,0,0,0,0,1,0
0.42214,0.63178,0.03824,0.12807,0.04952,3.763,0,1,0,0,0,0,0,0,0,0,0,0,0,1,0
0.31995,0.63054,0.21297,0.3337,0.12533,3.739,0,1,0,0,0,0,0,0,0,0,0,0,0,1,0
0.34719,0.90981,0.19625,0.43653,0.06442,3.739,0,1,0,0,0,0,0,0,0,0,0,0,0,1,0
0.57939,0.47493,0.31048,0.2287,0.05892,3.724,0,1,0,0,0,0,0,0,1,0,0,0,0,0,0
0.27954,0.46115,0.37109,0.13684,0.07506,3.695,0,1,0,0,0,0,0,0,0,0,0,0,0,1,0
0.47155,0.77623,0.357,0.3176,0.05099,3.666,0,1,0,0,0,0,0,0,0,0,0,0,0,1,0
0.10706,0.50353,0.23165,0.25748,0.04852,3.622,0,1,0,0,0,0,0,0,0,0,0,0,0,1,0
0.22415,0.3109,0.18829,0.30953,0.1192,3.607,0,1,0,0,0,0,0,0,0,0,0,0,0,1,0
0.32846,0.61586,0.31865,0.5432,0.50521,3.515,0,1,0,0,0,0,0,0,0,0,0,0,0,1,0
0.39499,0.10419,0.21028,0.39747,0.06681,3.484,0,1,0,0,0,0,0,0,0,0,0,0,0,1,0
0.38227,0.11037,0.17344,0.1643,0.07112,3.36,0,1,0,0,0,0,0,0,0,0,0,0,0,0,1
0.28123,0.0,0.24811,0.34678,0.11587,3.303,0,1,0,0,0,0,0,0,0,0,0,0,0,1,0
0.74719,0.14866,0.62994,0.06912,0.17233,3.069,0,1,0,0,0,0,0,0,1,0,0,0,0,0,0
0.06831,0.23442,0.15747,0.0432,0.09419,2.905,0,1,0,0,0,0,0,0,0,0,0,0,0,1,0
1.305,1.592,0.874,0.681,0.393,7.632,0,0,0,1,0,1,0,0,0,0,0,0,0,0,0
1.456,1.582,0.861,0.686,0.34,7.594,0,0,0,1,0,1,0,0,0,0,0,0,0,0,0
1.351,1.59,0.868,0.683,0.408,7.555,0,0,0,1,0,1,0,0,0,0,0,0,0,0,0
1.343,1.644,0.914,0.677,0.138,7.495,0,0,0,1,0,1,0,0,0,0,0,0,0,0,0
1.42,1.549,0.927,0.66,0.357,7.487,0,0,0,1,0,1,0,0,0,0,0,0,0,0,0
1.361,1.488,0.878,0.638,0.295,7.441,0,0,0,1,0,1,0,0,0,0,0,0,0,0,0
1.33,1.532,0.896,0.653,0.291,7.328,0,0,0,1,0,0,1,0,0,0,0,0,0,0,0
1.268,1.601,0.876,0.669,0.389,7.324,0,0,0,1,0,0,0,1,0,0,0,0,0,0,0
1.355,1.501,0.913,0.659,0.383,7.314,0,0,0,1,0,1,0,0,0,0,0,0,0,0,0
1.34,1.573,0.91,0.647,0.302,7.272,0,0,0,1,0,0,0,1,0,0,0,0,0,0,0
1.244,1.433,0.888,0.464,0.082,7.19,0,0,0,1,0,1,0,0,0,0,0,0,0,0,0
1.341,1.504,0.891,0.617,0.224,7.139,0,0,0,1,0,1,0,0,0,0,0,0,0,0,0
1.01,1.459,0.817,0.632,0.101,7.072,0,0,0,1,0,0,0,0,0,1,0,0,0,0,0
1.448,1.583,0.876,0.614,0.306,6.977,0,0,0,1,0,1,0,0,0,0,0,0,0,0,0
1.34,1.474,0.861,0.586,0.28,6.965,0,0,0,1,0,1,0,0,0,0,0,0,0,0,0
1.324,1.483,0.894,0.583,0.24,6.927,0,0,0,1,0,1,0,0,0,0,0,0,0,0,0
1.576,1.52,0.896,0.632,0.321,6.91,0,0,0,1,0,1,0,0,0,0,0,0,0,0,0
1.398,1.471,0.819,0.547,0.133,6.886,0,0,0,1,0,0,1,0,0,0,0,0,0,0,0
1.301,1.559,0.883,0.533,0.272,6.814,0,0,0,1,0,0,0,0,1,0,0,0,0,0,0
2.096,0.776,0.67,0.284,,6.774,0,0,0,1,0,0,0,0,1,0,0,0,0,0,0
1.233,1.489,0.854,0.543,0.034,6.711,0,0,0,1,0,0,0,0,0,0,0,1,0,0,0
1.27,1.525,0.884,0.645,0.142,6.627,0,0,0,1,0,1,0,0,0,0,0,0,0,0,0
1.293,1.466,0.908,0.52,0.176,6.489,0,0,0,1,0,1,0,0,0,0,0,0,0,0,0
1.038,1.252,0.761,0.479,0.095,6.488,0,0,0,1,0,0,0,0,0,1,0,0,0,0,0
1.131,1.331,0.808,0.431,0.061,6.476,0,0,0,1,0,0,0,0,0,1,0,0,0,0,0
1.365,1.436,0.857,0.418,0.078,6.441,0,0,0,1,0,0,0,0,0,0,0,0,1,0,0
1.112,1.438,0.759,0.597,0.063,6.43,0,0,0,1,0,0,0,0,0,1,0,0,0,0,0
0.986,1.474,0.675,0.493,0.088,6.419,0,0,0,1,0,0,0,0,0,1,0,0,0,0,0
1.073,1.468,0.744,0.57,0.054,6.388,0,0,0,1,0,0,0,0,0,1,0,0,0,0,0
0.781,1.268,0.608,0.604,0.071,6.382,0,0,0,1,0,0,0,0,0,1,0,0,0,0,0
1.093,1.459,0.771,0.625,0.155,6.379,0,0,0,1,0,0,0,0,0,1,0,0,0,0,0
1.649,1.303,0.748,0.654,0.171,6.374,0,0,0,1,0,0,0,0,1,0,0,0,0,0,0
1.379,1.331,0.633,0.509,0.127,6.371,0,0,0,1,0,0,0,0,1,0,0,0,0,0,0
1.529,1.451,1.008,0.631,0.457,6.343,0,0,0,1,0,0,0,0,0,0,1,0,0,0,0
1.161,1.258,0.669,0.356,0.059,6.322,0,0,0,1,0,0,0,0,0,0,1,0,0,0,0
1.251,1.538,0.965,0.449,0.074,6.31,0,0,0,1,0,1,0,0,0,0,0,0,0,0,0
0.96,1.439,0.635,0.531,0.039,6.26,0,0,0,1,0,0,0,0,0,1,0,0,0,0,0
1.223,1.492,0.564,0.575,0.019,6.192,0,0,0,1,0,0,0,0,0,0,0,0,0,0,0
1.21,1.537,0.776,0.354,0.014,6.173,0,0,0,1,0,0,0,0,0,0,0,1,0,0,0
0.806,1.231,0.639,0.461,0.082,6.167,0,0,0,1,0,0,0,0,0,1,0,0,0,0,0
0.668,1.319,0.7,0.527,0.128,6.141,0,0,0,1,0,0,0,0,0,1,0,0,0,0,0
1.176,1.448,0.781,0.546,0.064,6.123,0,0,0,1,0,0,0,0,0,0,0,1,0,0,0
1.338,1.366,0.698,0.594,0.123,6.105,0,0,0,1,0,0,0,0,1,0,0,0,0,0,0
0.719,1.584,0.605,0.724,0.259,6.096,0,0,0,1,0,0,0,0,0,0,0,1,0,0,0
1.474,1.301,0.675,0.554,0.106,6.083,0,0,0,1,0,0,0,0,1,0,0,0,0,0,0
1.016,1.417,0.707,0.637,0.029,6.072,0,0,0,1,0,0,0,0,0,0,1,0,0,0,0
1.264,1.501,0.946,0.281,0.028,6.0,0,0,0,1,0,1,0,0,0,0,0,0,0,0,0
0.889,1.33,0.736,0.556,0.12,5.973,0,0,0,1,0,0,0,0,0,1,0,0,0,0,0
0.807,1.101,0.474,0.593,0.089,5.956,0,0,0,1,0,0,0,0,0,0,0,0,0,0,0
1.197,1.527,0.716,0.35,0.006,5.952,0,0,0,1,0,0,0,0,0,0,0,1,0,0,0
1.219,1.506,0.856,0.633,0.051,5.948,0,0,0,1,0,0,0,0,0,0,0,1,0,0,0
1.116,1.219,0.726,0.528,0.001,5.945,0,0,0,1,0,0,0,0,0,0,0,1,0,0,0
1.148,1.454,0.671,0.363,0.066,5.933,0,0,0,1,0,0,0,0,0,0,0,1,0,0,0
1.294,1.462,0.988,0.553,0.15,5.915,0,0,0,1,0,0,0,0,0,0,0,0,1,0,0
1.09,1.387,0.684,0.584,0.05,5.891,0,0,0,1,0,0,0,0,0,0,0,0,0,1,0
0.819,1.493,0.693,0.575,0.031,5.89,0,0,0,1,0,0,0,0,0,1,0,0,0,0,0
1.266,1.204,0.955,0.244,0.051,5.875,0,0,0,1,0,0,0,0,0,0,0,0,1,0,0
1.229,1.211,0.909,0.495,0.154,5.835,0,0,0,1,0,0,0,0,0,0,0,0,0,0,0
1.151,1.479,0.599,0.399,0.025,5.81,0,0,0,1,0,0,0,0,0,0,0,1,0,0,0
1.143,1.516,0.631,0.454,0.121,5.79,0,0,0,1,0,0,0,0,0,0,0,1,0,0,0
1.229,1.191,0.909,0.423,0.035,5.762,0,0,0,1,0,1,0,0,0,0,0,0,0,0,0
0.751,1.223,0.508,0.606,0.054,5.752,0,0,0,1,0,0,0,0,0,1,0,0,0,0,0
1.2,1.532,0.737,0.553,0.174,5.739,0,0,0,1,0,0,0,0,0,0,0,1,0,0,0
0.835,1.522,0.615,0.541,0.074,5.681,0,0,0,1,0,0,0,0,0,1,0,0,0,0,0
0.934,1.249,0.674,0.53,0.034,5.663,0,0,0,1,0,0,0,0,0,1,0,0,0,0,0
0.855,1.23,0.578,0.448,0.023,5.662,0,0,0,1,0,0,0,0,0,0,0,1,0,0,0
0.657,1.301,0.62,0.232,0.0,5.64,0,0,0,1,0,0,0,0,0,0,0,1,0,0,0
1.016,1.533,0.517,0.417,0.037,5.636,0,0,0,1,0,0,0,0,0,0,0,1,0,0,0
1.171,1.401,0.732,0.259,0.022,5.62,0,0,0,1,0,0,0,0,0,0,0,1,0,0,0
0.985,1.35,0.553,0.496,0.148,5.566,0,0,0,1,0,0,0,0,1,0,0,0,0,0,0
0.775,1.312,0.513,0.643,0.105,5.524,0,0,0,1,0,0,0,0,0,0,1,0,0,0,0
0.62,1.205,0.622,0.459,0.074,5.504,0,0,0,1,0,0,0,0,0,1,0,0,0,0,0
1.039,1.498,0.7,0.307,0.154,5.483,0,0,0,1,0,0,0,0,0,0,0,1,0,0,0
1.148,1.38,0.686,0.324,0.109,5.483,0,0,0,1,0,0,0,0,1,0,0,0,0,0,0
0.652,0.81,0.424,0.334,0.113,5.472,0,0,0,1,0,0,0,0,0,0,0,0,0,0,1
1.405,1.29,1.03,0.524,0.291,5.43,0,0,0,1,0,0,0,0,0,0,0,0,1,0,0
1.188,1.429,0.884,0.562,0.017,5.41,0,0,0,1,0,1,0,0,0,0,0,0,0,0,0
0.975,1.369,0.685,0.288,0.043,5.398,0,0,0,1,0,0,0,0,0,0,0,1,0,0,0
1.154,1.202,0.879,0.131,0.044,5.358,0,0,0,1,0,1,0,0,0,0,0,0,0,0,0
0.965,1.179,0.785,0.503,0.136,5.358,0,0,0,1,0,0,0,0,1,0,0,0,0,0,0
1.017,1.279,0.729,0.259,0.081,5.347,0,0,0,1,0,0,0,0,0,0,0,1,0,0,0
1.115,1.161,0.737,0.38,0.039,5.321,0,0,0,1,0,0,0,0,0,0,0,1,0,0,0
0.982,1.441,0.614,0.578,0.106,5.302,0,0,0,1,0,0,0,0,0,1,0,0,0,0,0
0.979,1.154,0.687,0.077,0.135,5.295,0,0,0,1,0,0,0,0,1,0,0,0,0,0,0
0.779,0.797,0.669,0.46,0.074,5.254,0,0,0,1,0,0,0,0,1,0,0,0,0,0,0
0.989,1.142,0.799,0.597,0.103,5.246,0,0,0,1,0,0,0,0,0,0,0,0,1,0,0
1.024,1.161,0.603,0.43,0.176,5.201,0,0,0,1,0,0,0,0,0,0,0,1,0,0,0
0.474,1.166,0.598,0.292,0.034,5.199,0,0,0,1,0,0,0,0,0,0,0,1,0,0,0
0.959,1.239,0.691,0.394,0.052,5.185,0,0,0,1,0,0,0,0,0,0,0,1,0,0,0
0.822,1.265,0.645,0.468,0.134,5.161,0,0,0,1,0,0,0,0,1,0,0,0,0,0,0
0.689,1.172,0.048,0.462,0.032,5.155,0,0,0,1,0,0,0,0,0,0,0,0,0,1,0
0.53,1.416,0.594,0.54,0.035,5.131,0,0,0,1,0,0,0,0,0,0,0,1,0,0,0
0.915,1.078,0.758,0.28,0.0,5.129,0,0,0,1,0,0,0,0,0,0,0,1,0,0,0
0.914,1.517,0.575,0.395,0.032,5.125,0,0,0,1,0,0,0,0,0,0,0,0,1,0,0
0.715,1.365,0.702,0.618,0.079,5.103,0,0,0,1,0,0,0,0,0,0,1,0,0,0,0
0.899,1.215,0.522,0.538,0.018,5.093,0,0,0,1,0,0,0,0,0,0,1,0,0,0,0
0.796,1.335,0.527,0.541,0.171,5.082,0,0,0,1,0,0,0,0,0,0,0,0,0,0,1
0.0,0.712,0.115,0.674,0.282,4.982,0,0,0,1,0,0,0,0,0,0,0,0,0,0,0
0.535,0.891,0.182,0.454,0.043,4.975,0,0,0,1,0,0,0,0,0,0,0,0,0,1,0
1.054,1.515,0.712,0.359,0.009,4.933,0,0,0,1,0,0,0,0,0,0,0,1,0,0,0
0.425,1.228,0.539,0.526,0.078,4.88,0,0,0,1,0,0,0,0,0,0,0,0,0,0,1
0.996,1.469,0.657,0.133,0.052,4.806,0,0,0,1,0,0,0,0,0,1,0,0,0,0,0
1.036,1.164,0.404,0.356,0.052,4.758,0,0,0,1,0,0,0,0,0,0,0,0,0,1,0
0.642,1.217,0.602,0.266,0.076,4.743,0,0,0,1,0,0,0,0,1,0,0,0,0,0,0
0.94,1.41,0.33,0.516,0.056,4.724,0,0,0,1,0,0,0,0,0,0,0,0,0,1,0
1.059,0.771,0.691,0.459,0.129,4.707,0,0,0,1,0,0,0,0,1,0,0,0,0,0,0
0.541,0.872,0.08,0.467,0.103,4.671,0,0,0,1,0,0,0,0,0,0,0,0,0,1,0
0.592,0.896,0.337,0.499,0.029,4.657,0,0,0,1,0,0,0,0,0,0,0,0,0,1,0
0.429,1.117,0.433,0.406,0.082,4.631,0,0,0,1,0,0,0,0,0,0,0,0,0,1,0
0.72,1.034,0.441,0.626,0.174,4.623,0,0,0,1,0,0,0,0,0,0,1,0,0,0,0
0.9,0.906,0.69,0.271,0.063,4.592,0,0,0,1,0,0,0,0,1,0,0,0,0,0,0
0.916,0.817,0.79,0.419,0.032,4.586,0,0,0,1,0,0,0,0,0,0,0,1,0,0,0
0.256,0.813,0.0,0.355,0.053,4.571,0,0,0,1,0,0,0,0,0,0,0,0,0,1,0
0.682,0.811,0.343,0.514,0.077,4.559,0,0,0,1,0,0,0,0,0,0,0,0,0,1,0
0.532,0.85,0.579,0.58,0.144,4.5,0,0,0,1,0,0,0,0,0,0,0,0,0,0,1
0.918,1.314,0.672,0.585,0.05,4.471,0,0,0,1,0,0,0,0,0,0,0,0,0,0,1
1.01,0.971,0.536,0.304,0.095,4.456,0,0,0,1,0,0,0,0,1,0,0,0,0,0,0
0.37,1.233,0.152,0.367,0.056,4.447,0,0,0,1,0,0,0,0,0,0,0,0,0,1,0
0.874,1.281,0.365,0.519,0.064,4.441,0,0,0,1,0,0,0,0,0,0,0,0,0,0,0
0.549,1.088,0.457,0.696,0.065,4.433,0,0,0,1,0,0,0,0,0,0,1,0,0,0,0
0.314,1.097,0.254,0.312,0.128,4.424,0,0,0,1,0,0,0,0,0,0,0,0,0,1,0
0.885,1.025,0.553,0.312,0.107,4.419,0,0,0,1,0,0,0,0,1,0,0,0,0,0,0
0.198,0.902,0.173,0.531,0.158,4.417,0,0,0,1,0,0,0,0,0,0,0,0,0,1,0
0.493,1.048,0.454,0.504,0.055,4.41,0,0,0,1,0,0,0,0,0,0,0,0,0,1,0
0.562,1.047,0.295,0.503,0.082,4.377,0,0,0,1,0,0,0,0,0,0,0,0,0,1,0
0.557,1.245,0.292,0.129,0.093,4.356,0,0,0,1,0,0,0,0,0,0,0,0,0,1,0
0.308,0.95,0.391,0.452,0.146,4.35,0,0,0,1,0,0,0,0,0,0,0,0,0,1,0
0.853,0.592,0.643,0.375,0.215,4.34,0,0,0,1,0,0,0,0,0,0,0,1,0,0,0
0.816,0.99,0.666,0.26,0.028,4.321,0,0,0,1,0,0,0,0,0,0,0,1,0,0,0
0.682,1.174,0.429,0.58,0.178,4.308,0,0,0,1,0,0,0,0,0,0,1,0,0,0,0
0.358,0.907,0.053,0.189,0.06,4.301,0,0,0,1,0,0,0,0,0,0,0,0,0,1,0
0.069,1.136,0.204,0.312,0.052,4.245,0,0,0,1,0,0,0,0,0,0,0,0,0,1,0
0.721,0.747,0.485,0.539,0.093,4.19,0,0,0,1,0,0,0,0,0,0,0,0,0,0,1
0.131,0.867,0.221,0.39,0.099,4.166,0,0,0,1,0,0,0,0,0,0,0,0,0,1,0
0.322,1.09,0.237,0.45,0.061,4.161,0,0,0,1,0,0,0,0,0,0,0,0,0,1,0
0.378,0.372,0.24,0.44,0.067,4.141,0,0,0,1,0,0,0,0,0,0,0,0,0,1,0
0.605,1.24,0.312,0.016,0.082,4.139,0,0,0,1,0,0,0,0,0,0,0,0,0,1,0
0.793,1.413,0.609,0.163,0.011,4.103,0,0,0,1,0,0,0,0,0,0,0,1,0,0,0
0.259,0.474,0.253,0.434,0.101,3.999,0,0,0,1,0,0,0,0,0,0,0,0,0,1,0
0.344,0.792,0.211,0.394,0.094,3.964,0,0,0,1,0,0,0,0,0,0,0,0,0,1,0
0.472,1.215,0.079,0.423,0.112,3.808,0,0,0,1,0,0,0,0,0,0,0,0,0,1,0
0.73,1.125,0.269,0.0,0.061,3.795,0,0,0,1,0,0,0,0,0,0,0,0,0,1,0
0.262,0.908,0.402,0.221,0.049,3.774,0,0,0,1,0,0,0,0,0,0,0,0,0,1,0
0.357,1.094,0.248,0.406,0.099,3.692,0,0,0,1,0,0,0,0,0,0,0,0,0,1,0
0.332,0.537,0.255,0.085,0.036,3.632,0,0,0,1,0,0,0,0,0,0,0,0,0,0,1
1.017,1.174,0.417,0.557,0.092,3.59,0,0,0,1,0,0,0,0,0,0,0,0,0,1,0
0.186,0.541,0.306,0.531,0.08,3.587,0,0,0,1,0,0,0,0,0,0,0,0,0,1,0
0.315,0.714,0.289,0.025,0.104,3.582,0,0,0,1,0,0,0,0,0,1,0,0,0,0,0
0.076,0.858,0.267,0.419,0.03,3.495,0,0,0,1,0,0,0,0,0,0,0,0,0,1,0
0.689,0.382,0.539,0.088,0.144,3.462,0,0,0,1,0,0,0,0,1,0,0,0,0,0,0
0.332,0.896,0.4,0.636,0.444,3.408,0,0,0,1,0,0,0,0,0,0,0,0,0,1,0
0.442,1.073,0.343,0.244,0.064,3.355,0,0,0,1,0,0,0,0,1,0,0,0,0,0,0
0.455,0.991,0.381,0.481,0.097,3.303,0,0,0,1,0,0,0,0,0,0,0,0,0,1,0
0.337,0.608,0.177,0.112,0.106,3.254,0,0,0,1,0,0,0,0,0,0,0,0,0,1,0
0.024,0.0,0.01,0.305,0.038,3.083,0,0,0,1,0,0,0,0,0,0,0,0,0,1,0
0.091,0.627,0.145,0.065,0.076,2.905,0,0,0,1,0,0,0,0,0,0,0,0,0,1,0
1.34,1.587,0.986,0.596,0.393,7.769,0,0,0,0,1,1,0,0,0,0,0,0,0,0,0
1.383,1.573,0.996,0.592,0.41,7.6,0,0,0,0,1,1,0,0,0,0,0,0,0,0,0
1.488,1.582,1.028,0.603,0.341,7.554,0,0,0,0,1,1,0,0,0,0,0,0,0,0,0
1.38,1.624,1.026,0.591,0.118,7.494,0,0,0,0,1,1,0,0,0,0,0,0,0,0,0
1.396,1.522,0.999,0.557,0.298,7.488,0,0,0,0,1,1,0,0,0,0,0,0,0,0,0
1.452,1.526,1.052,0.572,0.343,7.48,0,0,0,0,1,1,0,0,0,0,0,0,0,0,0
1.387,1.487,1.009,0.574,0.373,7.343,0,0,0,0,1,1,0,0,0,0,0,0,0,0,0
1.303,1.557,1.026,0.585,0.38,7.307,0,0,0,0,1,0,0,1,0,0,0,0,0,0,0
1.365,1.505,1.039,0.584,0.308,7.278,0,0,0,0,1,0,1,0,0,0,0,0,0,0,0
1.376,1.475,1.016,0.532,0.226,7.246,0,0,0,0,1,1,0,0,0,0,0,0,0,0,0
1.372,1.548,1.036,0.557,0.29,7.228,0,0,0,0,1,0,0,1,0,0,0,0,0,0,0
1.034,1.441,0.963,0.558,0.093,7.167,0,0,0,0,1,0,0,0,0,1,0,0,0,0,0
1.276,1.455,1.029,0.371,0.082,7.139,0,0,0,0,1,0,0,0,1,0,0,0,0,0,0
1.609,1.479,1.012,0.526,0.316,7.09,0,0,0,0,1,1,0,0,0,0,0,0,0,0,0
1.333,1.538,0.996,0.45,0.278,7.054,0,0,0,0,1,1,0,0,0,0,0,0,0,0,0
1.499,1.553,0.999,0.516,0.31,7.021,0,0,0,0,1,1,0,0,0,0,0,0,0,0,0
1.373,1.454,0.987,0.495,0.265,6.985,0,0,0,0,1,1,0,0,0,0,0,0,0,0,0
1.356,1.504,0.986,0.473,0.21,6.923,0,0,0,0,1,1,0,0,0,0,0,0,0,0,0
1.433,1.457,0.874,0.454,0.128,6.892,0,0,0,0,1,0,1,0,0,0,0,0,0,0,0
1.269,1.487,0.92,0.457,0.036,6.852,0,0,0,0,1,0,0,0,0,0,0,1,0,0,0
1.503,1.31,0.825,0.598,0.182,6.825,0,0,0,0,1,0,0,0,1,0,0,0,0,0,0
1.3,1.52,0.999,0.564,0.151,6.726,0,0,0,0,1,1,0,0,0,0,0,0,0,0,0
1.07,1.323,0.861,0.433,0.073,6.595,0,0,0,0,1,0,0,0,0,1,0,0,0,0,0
1.324,1.472,1.045,0.436,0.183,6.592,0,0,0,0,1,1,0,0,0,0,0,0,0,0,0
1.368,1.43,0.914,0.351,0.097,6.446,0,0,0,0,1,0,0,0,0,0,0,0,1,0,0
1.159,1.369,0.92,0.357,0.056,6.444,0,0,0,0,1,0,0,0,0,1,0,0,0,0,0
0.8,1.269,0.746,0.535,0.078,6.436,0,0,0,0,1,0,0,0,0,1,0,0,0,0,0
1.403,1.357,0.795,0.439,0.132,6.375,0,0,0,0,1,0,0,0,1,0,0,0,0,0,0
1.684,1.313,0.871,0.555,0.167,6.374,0,0,0,0,1,0,0,0,1,0,0,0,0,0,0
1.286,1.484,1.062,0.362,0.079,6.354,0,0,0,0,1,1,0,0,0,0,0,0,0,0,0
1.149,1.442,0.91,0.516,0.054,6.321,0,0,0,0,1,0,0,0,0,1,0,0,0,0,0
1.004,1.439,0.802,0.39,0.086,6.3,0,0,0,0,1,0,0,0,0,1,0,0,0,0,0
1.124,1.465,0.891,0.523,0.15,6.293,0,0,0,0,1,0,0,0,0,1,0,0,0,0,0
1.572,1.463,1.141,0.556,0.453,6.262,0,0,0,0,1,0,0,0,0,0,1,0,0,0,0
0.794,1.242,0.789,0.43,0.074,6.253,0,0,0,0,1,0,0,0,0,1,0,0,0,0,0
1.294,1.488,1.039,0.231,0.03,6.223,0,0,0,0,1,1,0,0,0,0,0,0,0,0,0
1.362,1.368,0.871,0.536,0.11,6.199,0,0,0,0,1,0,0,0,1,0,0,0,0,0,0
1.246,1.504,0.881,0.334,0.014,6.198,0,0,0,0,1,0,0,0,0,0,0,1,0,0,0
1.231,1.477,0.713,0.489,0.016,6.192,0,0,0,0,1,0,0,0,0,0,0,0,0,0,0
1.206,1.438,0.884,0.483,0.05,6.182,0,0,0,0,1,0,0,0,0,0,0,1,0,0,0
0.745,1.529,0.756,0.631,0.24,6.174,0,0,0,0,1,0,0,0,0,0,0,1,0,0,0
1.238,1.515,0.818,0.291,0.042,6.149,0,0,0,0,1,0,0,0,0,0,0,1,0,0,0
0.985,1.41,0.841,0.47,0.034,6.125,0,0,0,0,1,0,0,0,0,1,0,0,0,0,0
1.258,1.523,0.953,0.564,0.057,6.118,0,0,0,0,1,0,0,0,0,0,0,1,0,0,0
0.694,1.325,0.835,0.435,0.127,6.105,0,0,0,0,1,0,0,0,0,1,0,0,0,0,0
0.882,1.232,0.758,0.489,0.006,6.1,0,0,0,0,1,0,0,0,0,0,0,1,0,0,0
1.092,1.432,0.881,0.471,0.05,6.086,0,0,0,0,1,0,0,0,0,1,0,0,0,0,0
1.162,1.232,0.825,0.462,0.005,6.07,0,0,0,0,1,0,0,0,0,0,0,1,0,0,0
1.263,1.223,1.042,0.406,0.041,6.046,0,0,0,0,1,1,0,0,0,0,0,0,0,0,0
0.912,1.312,0.868,0.498,0.087,6.028,0,0,0,0,1,0,0,0,0,1,0,0,0,0,0
1.5,1.319,0.808,0.493,0.097,6.021,0,0,0,0,1,0,0,0,1,0,0,0,0,0,0
1.05,1.409,0.828,0.557,0.028,6.008,0,0,0,0,1,0,0,0,0,0,1,0,0,0,0
1.187,1.465,0.812,0.264,0.064,5.94,0,0,0,0,1,0,0,0,0,0,0,1,0,0,0
1.301,1.219,1.036,0.159,0.056,5.895,0,0,0,0,1,0,0,0,0,0,0,0,1,0,0
1.237,1.528,0.874,0.495,0.161,5.893,0,0,0,0,1,0,0,0,0,0,0,1,0,0,0
0.831,1.478,0.831,0.49,0.028,5.89,0,0,0,0,1,0,0,0,0,1,0,0,0,0,0
1.12,1.402,0.798,0.498,0.06,5.888,0,0,0,0,1,0,0,0,0,0,0,0,0,1,0
1.327,1.419,1.088,0.445,0.14,5.886,0,0,0,0,1,0,0,0,0,0,0,0,1,0,0
0.642,1.236,0.828,0.507,0.078,5.86,0,0,0,0,1,0,0,0,0,1,0,0,0,0,0
1.173,1.508,0.729,0.41,0.096,5.809,0,0,0,0,1,0,0,0,0,0,0,1,0,0,0
0.776,1.209,0.706,0.511,0.064,5.779,0,0,0,0,1,0,0,0,0,1,0,0,0,0,0
1.201,1.41,0.828,0.199,0.02,5.758,0,0,0,0,1,0,0,0,0,0,0,1,0,0,0
0.855,1.475,0.777,0.514,0.08,5.743,0,0,0,0,1,0,0,0,0,1,0,0,0,0,0
1.263,1.252,1.042,0.417,0.162,5.718,0,0,0,0,1,0,0,0,0,0,0,0,0,0,0
0.96,1.274,0.854,0.455,0.027,5.697,0,0,0,0,1,0,0,0,0,1,0,0,0,0,0
1.221,1.431,0.999,0.508,0.025,5.693,0,0,0,0,1,1,0,0,0,0,0,0,0,0,0
0.677,0.886,0.535,0.313,0.098,5.653,0,0,0,0,1,0,0,0,0,0,0,0,0,0,1
1.183,1.452,0.726,0.334,0.031,5.648,0,0,0,0,1,0,0,0,0,0,0,1,0,0,0
0.807,1.293,0.657,0.558,0.107,5.631,0,0,0,0,1,0,0,0,0,0,1,0,0,0,0
1.004,1.383,0.854,0.282,0.039,5.603,0,0,0,0,1,0,0,0,0,0,0,1,0,0,0
0.685,1.328,0.739,0.245,0.0,5.529,0,0,0,0,1,0,0,0,0,0,0,1,0,0,0
1.044,1.303,0.673,0.416,0.152,5.525,0,0,0,0,1,0,0,0,1,0,0,0,0,0,0
1.051,1.361,0.871,0.197,0.08,5.523,0,0,0,0,1,0,0,0,0,0,0,1,0,0,0
0.493,1.098,0.718,0.389,0.144,5.467,0,0,0,0,1,0,0,0,0,0,0,1,0,0,0
1.155,1.266,0.914,0.296,0.022,5.432,0,0,0,0,1,0,0,0,0,0,0,1,0,0,0
1.438,1.277,1.122,0.44,0.287,5.43,0,0,0,0,1,0,0,0,0,0,0,0,1,0,0
1.015,1.401,0.779,0.497,0.101,5.425,0,0,0,0,1,0,0,0,0,1,0,0,0,0,0
0.945,1.212,0.845,0.212,0.006,5.386,0,0,0,0,1,0,0,0,0,0,0,1,0,0,0
1.183,1.36,0.808,0.195,0.106,5.373,0,0,0,0,1,0,0,0,1,0,0,0,0,0,0
1.221,1.171,0.828,0.508,0.024,5.339,0,0,0,0,1,0,0,0,0,0,1,0,0,0,0
1.067,1.465,0.789,0.235,0.142,5.323,0,0,0,0,1,0,0,0,0,0,0,1,0,0,0
1.181,1.156,0.999,0.067,0.034,5.287,0,0,0,0,1,1,0,0,0,0,0,0,0,0,0
0.948,1.531,0.667,0.317,0.038,5.285,0,0,0,0,1,0,0,0,0,0,0,0,1,0,0
0.983,1.294,0.838,0.345,0.034,5.274,0,0,0,0,1,0,0,0,0,0,0,0,0,0,0
0.696,1.111,0.245,0.426,0.041,5.265,0,0,0,0,1,0,0,0,0,0,0,0,0,1,0
0.551,1.438,0.723,0.508,0.023,5.261,0,0,0,0,1,0,0,0,0,0,0,1,0,0,0
1.052,1.538,0.657,0.394,0.028,5.247,0,0,0,0,1,0,0,0,0,0,0,1,0,0,0
1.002,1.16,0.785,0.086,0.114,5.211,0,0,0,0,1,0,0,0,1,0,0,0,0,0,0
0.801,0.782,0.782,0.418,0.076,5.208,0,0,0,0,1,0,0,0,1,0,0,0,0,0,0
1.043,1.147,0.769,0.351,0.182,5.208,0,0,0,0,1,0,0,0,0,0,0,1,0,0,0
0.987,1.224,0.815,0.216,0.027,5.197,0,0,0,0,1,0,0,0,1,0,0,0,0,0,0
0.931,1.203,0.66,0.491,0.028,5.192,0,0,0,0,1,0,0,0,0,0,1,0,0,0,0
1.029,1.125,0.893,0.521,0.1,5.191,0,0,0,0,1,0,0,0,0,0,0,0,1,0,0
0.741,1.346,0.851,0.543,0.073,5.175,0,0,0,0,1,0,0,0,0,0,1,0,0,0,0
0.813,1.321,0.604,0.457,0.167,5.082,0,0,0,0,1,0,0,0,0,0,0,0,0,0,1
0.549,0.91,0.331,0.381,0.037,5.044,0,0,0,0,1,0,0,0,0,0,0,0,0,1,0
1.092,1.513,0.815,0.311,0.004,5.011,0,0,0,0,1,0,0,0,0,0,0,1,0,0,0
0.611,0.868,0.486,0.381,0.04,4.996,0,0,0,0,1,0,0,0,0,0,0,0,0,1,0
0.569,0.808,0.232,0.352,0.09,4.944,0,0,0,0,1,0,0,0,0,0,0,0,0,1,0
0.446,1.226,0.677,0.439,0.089,4.913,0,0,0,0,1,0,0,0,0,0,0,0,0,0,1
0.837,1.225,0.815,0.383,0.13,4.906,0,0,0,0,1,0,0,0,1,0,0,0,0,0,0
0.393,0.437,0.397,0.349,0.082,4.883,0,0,0,0,1,0,0,0,0,0,0,0,0,1,0
0.673,0.799,0.508,0.372,0.093,4.812,0,0,0,0,1,0,0,0,0,0,0,0,0,1,0
1.057,1.183,0.571,0.295,0.055,4.799,0,0,0,0,1,0,0,0,0,0,0,0,0,1,0
0.764,1.03,0.551,0.547,0.164,4.796,0,0,0,0,1,0,0,0,0,0,1,0,0,0,0
0.96,1.351,0.469,0.389,0.055,4.722,0,0,0,0,1,0,0,0,0,0,0,0,0,1,0
0.947,0.848,0.874,0.383,0.027,4.719,0,0,0,0,1,0,0,0,0,0,0,1,0,0,0
0.96,1.427,0.805,0.154,0.047,4.707,0,0,0,0,1,0,0,0,0,1,0,0,0,0,0
0.574,1.122,0.637,0.609,0.062,4.7,0,0,0,0,1,0,0,0,0,0,1,0,0,0,0
0.657,1.247,0.672,0.225,0.066,4.696,0,0,0,0,1,0,0,0,1,0,0,0,0,0,0
0.45,1.134,0.571,0.292,0.072,4.681,0,0,0,0,1,0,0,0,0,0,0,0,0,1,0
0.0,0.698,0.268,0.559,0.27,4.668,0,0,0,0,1,0,0,0,0,0,0,0,0,0,0
0.879,1.313,0.477,0.401,0.056,4.639,0,0,0,0,1,0,0,0,0,0,0,0,0,0,0
0.138,0.774,0.366,0.318,0.102,4.628,0,0,0,0,1,0,0,0,0,0,0,0,0,1,0
0.331,1.056,0.38,0.255,0.113,4.587,0,0,0,0,1,0,0,0,0,0,0,0,0,1,0
0.85,1.055,0.815,0.283,0.064,4.559,0,0,0,0,1,0,0,0,0,0,0,1,0,0,0
1.1,0.842,0.785,0.305,0.125,4.548,0,0,0,0,1,0,0,0,1,0,0,0,0,0,0
0.38,0.829,0.375,0.332,0.086,4.534,0,0,0,0,1,0,0,0,0,0,0,0,0,1,0
0.886,0.666,0.752,0.346,0.164,4.519,0,0,0,0,1,0,0,0,0,0,0,1,0,0,0
0.308,0.939,0.428,0.382,0.167,4.516,0,0,0,0,1,0,0,0,0,0,0,0,0,0,0
0.512,0.983,0.581,0.431,0.053,4.509,0,0,0,0,1,0,0,0,0,0,0,0,0,1,0
0.57,1.167,0.489,0.066,0.088,4.49,0,0,0,0,1,0,0,0,0,0,0,0,0,1,0
0.204,0.986,0.39,0.494,0.138,4.466,0,0,0,0,1,0,0,0,0,0,0,0,0,1,0
0.921,1.0,0.815,0.167,0.055,4.461,0,0,0,0,1,0,0,0,1,0,0,0,0,0,0
0.562,0.928,0.723,0.527,0.143,4.456,0,0,0,0,1,0,0,0,0,0,0,0,0,0,1
1.043,0.98,0.574,0.241,0.089,4.437,0,0,0,0,1,0,0,0,1,0,0,0,0,0,0
0.094,1.125,0.357,0.269,0.053,4.418,0,0,0,0,1,0,0,0,0,0,0,0,0,1,0
0.385,1.105,0.308,0.327,0.052,4.39,0,0,0,0,1,0,0,0,0,0,0,0,0,1,0
0.268,0.841,0.242,0.309,0.045,4.374,0,0,0,0,1,0,0,0,0,0,0,0,0,1,0
0.949,1.265,0.831,0.47,0.047,4.366,0,0,0,0,1,0,0,0,0,0,0,0,0,0,1
0.71,1.181,0.555,0.525,0.172,4.36,0,0,0,0,1,0,0,0,0,0,1,0,0,0,0
0.35,0.766,0.192,0.174,0.078,4.35,0,0,0,0,1,0,0,0,0,0,0,0,0,1,0
0.82,1.39,0.739,0.178,0.01,4.332,0,0,0,0,1,0,0,0,0,0,0,1,0,0,0
0.336,1.033,0.532,0.344,0.1,4.286,0,0,0,0,1,0,0,0,0,0,0,0,0,1,0
0.811,1.149,0.0,0.313,0.135,4.212,0,0,0,0,1,0,0,0,0,0,0,0,0,1,0
0.332,1.069,0.443,0.356,0.06,4.189,0,0,0,0,1,0,0,0,0,0,0,0,0,1,0
0.913,1.039,0.644,0.241,0.067,4.166,0,0,0,0,1,0,0,0,1,0,0,0,0,0,0
0.578,1.058,0.426,0.431,0.087,4.107,0,0,0,0,1,0,0,0,0,0,0,0,0,1,0
0.275,0.572,0.41,0.293,0.085,4.085,0,0,0,0,1,0,0,0,0,0,0,0,0,1,0
0.755,0.765,0.588,0.498,0.085,4.015,0,0,0,0,1,0,0,0,0,0,0,0,0,0,1
0.073,0.922,0.443,0.37,0.033,3.975,0,0,0,0,1,0,0,0,0,0,0,0,0,1,0
0.274,0.757,0.505,0.142,0.078,3.973,0,0,0,0,1,0,0,0,0,0,0,0,0,1,0
0.274,0.916,0.555,0.148,0.041,3.933,0,0,0,0,1,0,0,0,0,0,0,0,0,1,0
0.489,1.169,0.168,0.359,0.093,3.802,0,0,0,0,1,0,0,0,0,0,0,0,0,1,0
0.046,0.447,0.38,0.22,0.18,3.775,0,0,0,0,1,0,0,0,0,0,0,0,0,1,0
0.366,1.114,0.433,0.361,0.089,3.663,0,0,0,0,1,0,0,0,0,0,0,0,0,1,0
0.323,0.688,0.449,0.026,0.11,3.597,0,0,0,0,1,0,0,0,0,1,0,0,0,0,0
1.041,1.145,0.538,0.455,0.1,3.488,0,0,0,0,1,0,0,0,0,0,0,0,0,1,0
0.619,0.378,0.44,0.013,0.141,3.462,0,0,0,0,1,0,0,0,1,0,0,0,0,0,0
0.191,0.56,0.495,0.443,0.089,3.41,0,0,0,0,1,0,0,0,0,0,0,0,0,1,0
0.287,1.163,0.463,0.143,0.077,3.38,0,0,0,0,1,0,0,0,1,0,0,0,0,0,0
0.359,0.711,0.614,0.555,0.411,3.334,0,0,0,0,1,0,0,0,0,0,0,0,0,1,0
0.476,0.885,0.499,0.417,0.147,3.231,0,0,0,0,1,0,0,0,0,0,0,0,0,1,0
0.35,0.517,0.361,0.0,0.025,3.203,0,0,0,0,1,0,0,0,0,0,0,0,0,0,1
0.026,0.0,0.105,0.225,0.035,3.083,0,0,0,0,1,0,0,0,0,0,0,0,0,1,0
0.306,0.575,0.295,0.01,0.091,2.853,0,0,0,0,1,0,0,0,0,0,0,0,0,1,0
